<?xml version="1.0" encoding="UTF-8"?>
<project xmlns="http://maven.apache.org/POM/4.0.0" xmlns:xsi="http://www.w3.org/2001/XMLSchema-instance" xsi:schemaLocation="http://maven.apache.org/POM/4.0.0 http://maven.apache.org/maven-v4_0_0.xsd">
  <modelVersion>4.0.0</modelVersion>
  <groupId>com.testgen</groupId>
  <artifactId>test-html-generator-plugin</artifactId>
  <packaging>maven-plugin</packaging>
  <name>test-html-generator-plugin</name>
  <version>1.6</version>
  <url>http://maven.apache.org</url>
  <build>
    <plugins>
      <plugin>
        <artifactId>maven-plugin-plugin</artifactId>
        <version>3.2</version>
        <executions>
          <execution>
            <id>mojo-descriptor</id>
            <goals>
              <goal>descriptor</goal>
            </goals>
          </execution>
        </executions>
        <configuration>
          <skipErrorNoDescriptorsFound>true</skipErrorNoDescriptorsFound>
        </configuration>
      </plugin>
      <plugin>
        <artifactId>maven-shade-plugin</artifactId>
        <version>2.2</version>
        <executions>
          <execution>
            <phase>package</phase>
            <goals>
              <goal>shade</goal>
            </goals>
            <configuration>
              <transformers>
                <transformer>
                  <mainClass>com.testgen.TestGeneratorMojo</mainClass>
                </transformer>
              </transformers>
            </configuration>
          </execution>
        </executions>
        <configuration />
      </plugin>
    </plugins>
  </build>
  <properties>
    <project.build.sourceEncoding>UTF-8</project.build.sourceEncoding>
  </properties>
</project>

